job_title|company_name|location|province|posted_at|python_yn|sql_yn|mysql_yn|postgresql_yn|database_yn|aws_yn|azure_yn|spark_yn|hadoop_yn|kafka_yn|snowflake_yn|databricks_yn|apache_yn|git_yn|github_yn|tableau_yn|power bi_yn|looker_yn|experience_needed_yn|min_salary|max_salary|avg_salary
Data Scientist|PT. Metrodata Electronics, Tbk|Kalideres, Jakarta|jakarta|2026-02-28 01:00:00|1|0|0|0|0|1|1|0|0|0|0|0|0|1|0|0|0|0|0|||
DATA ANALYST|PT Pesta Pora Abadi|Malang, East Java|east java|2026-03-17 13:00:00|1|1|0|0|0|0|0|0|0|0|0|0|0|0|0|1|1|1|0|||
Senior Data Scientist|PT PEFINDO Biro Kredit|South Jakarta, Jakarta|jakarta|2026-02-27 01:00:00|1|1|0|0|0|0|0|0|0|0|0|0|0|0|0|1|1|0|0|||
Data Scientist|PT Sisindokom Lintasbuana|Central Jakarta, Jakarta|jakarta|2026-02-28 01:00:00|1|0|0|0|1|1|0|0|0|0|0|0|0|0|0|0|0|0|0|||
Data Analyst - Livestream|SKINTIFIC|South Jakarta, Jakarta|jakarta|2026-03-17 12:00:00|0|1|0|0|1|0|0|0|0|0|0|0|0|1|0|1|1|1|0|||
Data Scientist Credit Scoring|PT Sharing Vision Indonesia|Central Jakarta, Jakarta|jakarta|2026-03-05 01:00:00|1|1|0|0|0|0|0|1|0|0|0|0|0|0|0|0|0|0|1|||
Admin Data Analis|Savoria Group|Central Jakarta, Jakarta|jakarta|2026-03-17 01:00:00|0|0|0|0|0|0|0|0|0|0|0|0|0|0|0|0|1|0|1|5800000.0|7000000.0|6400000.0
Data Scientist Intern|PT CRIF Lembaga Informasi Keuangan|Setiabudi, Jakarta|jakarta|2026-02-26 01:00:00|1|1|0|0|0|0|0|0|0|0|0|0|0|0|0|0|1|0|0|||
Data Analyst|PT Internet Mulia Untuk Negeri (NEXA)|Semarang, Central Java|central java|2026-03-04 01:00:00|1|1|0|0|0|0|0|0|0|0|0|0|0|1|0|1|1|0|1|4500000.0|5500000.0|5000000.0
DATA ANALIS|MIKALINDO BAKTI CEMERLANG|West Jakarta, Jakarta|jakarta|2026-02-28 01:00:00|1|1|0|0|0|0|0|0|0|0|0|0|0|0|0|1|0|0|0|6000000.0|7000000.0|6500000.0
Data Engineer|PT ROCKSTAR SPORTS SCHOOL|West Jakarta, Jakarta|jakarta|2026-02-19 01:00:00|1|1|0|0|1|0|1|0|0|0|0|0|0|1|0|0|0|0|0|10000000.0|15000000.0|12500000.0
Data Scientist|PT Data Labs Analytics|Central Jakarta, Jakarta|jakarta|2026-02-21 01:00:00|1|1|0|0|1|1|1|1|1|0|0|0|0|0|0|0|0|0|0|||
Data Analyst Officer|PT Asuransi Raksa Pratikara|Central Jakarta, Jakarta|jakarta|2026-03-17 12:00:00|1|1|0|0|0|0|0|0|0|0|0|0|0|1|0|1|1|1|0|6500000.0|9500000.0|8000000.0
Business Intelligence Analyst|OLX Indonesia|South Jakarta, Jakarta|jakarta|2026-03-12 01:00:00|1|1|0|0|0|0|0|0|0|0|0|0|1|1|0|1|0|1|1|||
Data Center IT Engineer|TITANICOM TECH LIMITED|Jakarta|jakarta|2026-03-05 01:00:00|0|0|0|0|0|0|0|0|0|0|0|0|0|0|0|0|0|0|0|||
Data Engineer|Cloud Kinetics Technology Sdn Bhd|Jakarta|jakarta|2026-02-25 01:00:00|1|1|0|0|0|1|0|1|0|0|0|0|0|0|0|0|0|0|0|||
IT Analyst Engineer|PT Trans Indonesia Superkoridor|North Jakarta, Jakarta|jakarta|2026-03-13 01:00:00|1|1|0|0|0|0|0|0|0|0|0|0|0|0|0|0|0|0|1|||
Data Analyst|PT Smartek Inovasi Indonesia|North Jakarta, Jakarta|jakarta|2026-03-13 01:00:00|0|0|0|0|0|0|0|0|0|0|0|0|0|0|0|0|0|0|0|7000000.0|8000000.0|7500000.0
Data Engineer|PT Hastari Adakara Investama|Jakarta|jakarta|2026-03-12 01:00:00|1|1|0|0|1|0|0|1|1|1|0|0|1|0|0|0|0|0|0|||
IT Data Management Specialist|PT Bussan Auto Finance (BAF)|Jakarta|jakarta|2026-03-17 01:00:00|1|1|1|1|1|0|0|0|0|0|0|0|0|0|0|0|0|0|0|||
Data Reconciliation|Private Advertiser|Not Available|Not Available|2026-03-13 01:00:00|0|0|0|0|0|0|0|0|0|0|0|0|0|0|0|0|0|0|1|||
Data Management Staff|PT Rusli Vinilon Sakti|Jakarta|jakarta|2026-03-06 01:00:00|0|0|0|0|1|0|0|0|0|0|0|0|0|0|0|0|1|0|1|5600000.0|7000000.0|6300000.0
Data Analyst|PT Kelola Jasa Artha (Kejar)|Central Jakarta, Jakarta|jakarta|2026-03-13 01:00:00|0|0|0|0|0|0|0|0|0|0|0|0|0|0|0|0|0|0|0|||
Data Analyst|PT. Solusi Jasa Teknologi|Tangerang, Banten|banten|2026-03-03 01:00:00|1|1|0|0|0|0|0|0|0|0|0|0|0|0|0|0|1|0|0|7000000.0|8000000.0|7500000.0
Data & Insight Analyst Staff|PT. Shopcomm Solusi Indonesia|South Jakarta, Jakarta|jakarta|2026-03-11 01:00:00|0|0|0|0|0|0|0|0|0|0|0|0|0|0|0|1|1|0|0|||
Data Analyst / PDCA|PT. CBA Chemical Industry|Tangerang, Banten|banten|2026-03-04 01:00:00|0|0|0|0|0|0|0|0|0|0|0|0|0|0|0|0|0|0|1|||
Data Engineer|TUNTUN SEKURITAS INDONESIA|North Jakarta, Jakarta|jakarta|2026-02-28 01:00:00|1|1|0|0|1|0|0|0|0|0|0|0|0|0|0|0|0|0|0|||
Pre Diagnostic Data Energi Management|PT Permata Karya Jasa|Not Available|Not Available|2026-03-17 01:00:00|0|0|0|0|0|0|0|0|0|0|0|0|0|0|0|0|0|0|1|6000000.0|6400000.0|6200000.0
Data Analytic Outsource (12 months)|PT Asuransi Allianz Life Indonesia|Jakarta|jakarta|2026-02-27 01:00:00|0|1|0|0|1|0|0|0|0|0|0|0|0|0|0|0|0|0|0|||
Data Support Spv - Consumer Good|Private Advertiser|Jakarta|jakarta|2026-02-28 01:00:00|0|0|0|0|0|0|0|0|0|0|0|0|0|0|0|0|0|0|1|6000000.0|9000000.0|7500000.0
Data Engineer|PT IDStar Cipta Teknologi|Jakarta|jakarta|2026-03-17 16:00:00|0|1|0|0|0|0|0|0|0|0|0|0|0|0|0|0|0|0|0|||
IT Database Administrator|PT Kimia Yasa|Surabaya, East Java|east java|2026-03-17 10:00:00|0|1|0|1|1|0|0|0|0|0|0|0|0|0|0|0|0|0|0|||
Data Analyst|PT Propan Raya Industrial Coating Chemicals|Tangerang, Banten|banten|2026-03-05 01:00:00|0|0|0|0|1|0|0|0|0|0|0|0|0|0|0|0|0|0|1|||
Geospatial Datascience Officer|PT SMART,Tbk|Jakarta|jakarta|2026-03-07 01:00:00|0|0|0|0|0|0|0|0|0|0|0|0|0|1|0|0|0|0|0|||
Business Development Analyst|PT Daaz Bara Lestari|South Jakarta, Jakarta|jakarta|2026-03-13 01:00:00|0|0|0|0|0|0|0|0|0|0|0|0|0|0|0|1|0|0|1|||
DATA ANALYST|PT Usaha Prima Nusantara|Medan, North Sumatra|north sumatra|2026-03-15 01:00:00|0|0|0|0|0|0|0|0|0|0|0|0|0|0|0|1|1|0|1|||
DATA ANALYST|PT Alun Indah|Jakarta|jakarta|2026-02-28 01:00:00|1|1|0|0|1|0|0|0|0|0|0|0|0|0|0|0|1|0|1|||
Supervisor Data Analyst|PT Multirasa Nusantara (YOSHINOYA Japanese Restaurant)|South Jakarta, Jakarta|jakarta|2026-02-26 01:00:00|0|0|0|0|1|0|0|0|0|0|0|0|0|0|0|0|0|0|1|||
IT Manager (Enterprise Systems & Data)|CV Unitech Indonesia|Malang, East Java|east java|2026-03-04 01:00:00|0|1|0|0|0|0|0|0|0|0|0|0|0|0|0|0|0|0|1|||
Master Data Analyst|PT Amman Mineral Nusa Tenggara|West Sumbawa, West Nusa Tenggara|west nusa tenggara|2026-03-06 01:00:00|0|0|0|0|0|0|0|0|0|0|0|0|0|0|0|0|0|0|0|||
Operational Compliance & Data Monitoring Officer|PT Chateraise Gobel Indonesia|South Jakarta, Jakarta|jakarta|2026-03-03 01:00:00|0|0|0|0|0|0|0|0|0|0|0|0|0|0|0|0|0|0|0|||
Data Analyst|Private Advertiser|Bandung, West Java|west java|2026-03-12 01:00:00|1|1|0|0|0|0|0|0|0|0|0|0|0|0|0|1|1|0|0|||
Data Science-Risk Modelling|PT KREDIT PLUS TEKNOLOGI|Tangerang, Banten|banten|2026-03-12 01:00:00|0|0|0|0|0|0|0|0|0|0|0|0|0|0|0|0|0|0|0|9200000.0|10500000.0|9850000.0
Data Analyst|Gefami Services Indonesia|Indonesia|Not Available|2026-03-17 14:00:00|0|1|0|0|0|0|0|0|0|0|0|0|0|0|0|0|0|0|0|||
Sensory Analyst|PT Nojorono Tobacco International|Kudus Kota, Central Java|central java|2026-02-28 01:00:00|0|0|0|0|0|0|0|0|0|0|0|0|0|0|0|0|0|0|0|||
Credit Data Analyst|PT Wahana Ottomitra Multiartha (WOM Finance), Tbk|North Jakarta, Jakarta|jakarta|2026-03-13 01:00:00|0|1|0|0|0|0|0|0|0|0|0|0|0|0|0|0|0|1|0|||
Analis Data Support|PT PUTRA MANDIRI PERKASA INDONESIA|North Jakarta, Jakarta|jakarta|2026-03-04 01:00:00|0|1|0|0|1|0|0|0|0|0|0|0|0|1|0|0|0|0|1|5750000.0|6500000.0|6125000.0
Data Science (Machine Learning - Lead)|PT. Lintas Teknologi Indonesia|Jakarta|jakarta|2026-03-04 01:00:00|1|1|0|0|0|0|0|0|0|0|0|0|0|0|0|0|0|0|0|||
IT Big Data / AI - Internship|PT Bank Nationalnobu Tbk|Karawaci, Banten|banten|2026-02-21 01:00:00|1|0|0|0|0|0|0|0|0|0|0|0|0|0|0|0|0|0|0|||
Trader / Market Analyst (Forex/Crypto)|PT. Indo Inovasi Teknologi|Bali|bali|2026-03-06 01:00:00|0|0|0|0|0|0|0|0|0|0|0|0|0|0|0|0|0|0|1|4500000.0|6500000.0|5500000.0
Senior Business Analyst (Head Office)|PT Lippo Malls Indonesia|West Jakarta, Jakarta|jakarta|2026-03-15 01:00:00|0|0|0|0|0|0|0|0|0|0|0|0|0|1|0|0|0|0|0|||
Data Engineer|PT Digdaya Duta Digital|Setiabudi, Jakarta|jakarta|2026-03-03 01:00:00|0|0|0|0|0|0|0|0|0|0|0|0|0|0|0|0|0|0|0|||
STAF DATA ANALYST|PT Mulia Farma Suci|South Tangerang, Banten|banten|2026-03-14 01:00:00|0|0|0|0|0|0|0|0|0|0|0|0|0|0|0|0|0|0|0|5247870.0|5247870.0|5247870.0
Marketing Data Analyst Supervisor / Assistant Manager|PT Tiga Berlian Mandiri|Surabaya, East Java|east java|2026-03-17 01:00:00|0|1|0|0|0|0|0|0|0|0|0|0|0|0|0|1|1|0|1|||
Business Analyst|PT Natura Aromatik Nusantara|South Jakarta, Jakarta|jakarta|2026-03-17 15:00:00|1|1|0|0|0|0|0|0|0|0|0|0|0|1|0|1|1|1|0|||
Business Development Analyst|OLX Indonesia|South Jakarta, Jakarta|jakarta|2026-02-26 01:00:00|0|0|0|0|0|0|0|0|0|0|0|0|0|0|0|0|0|0|0|7000000.0|10000000.0|8500000.0
Reporting & Data Analyst Staff|PT SOS Indonesia|Jakarta|jakarta|2026-02-25 01:00:00|0|0|0|0|1|0|0|0|0|0|0|0|0|0|0|0|0|0|0|||
Business Analyst|PT Sinarmas LDA Maritime|Central Jakarta, Jakarta|jakarta|2026-03-17 11:00:00|0|0|0|0|0|0|0|0|0|0|0|0|0|0|0|0|0|0|0|||
Region Operations Planning & Analyst - ShopeeFood (Yogyakarta)|Shopee Internasional Indonesia|Yogyakarta, Yogyakarta Special Region|yogyakarta|2026-02-19 01:00:00|0|0|0|0|0|0|0|0|0|0|0|0|0|0|0|0|0|0|0|||
Inventory Analyst|PT Jabil Circuit Indonesia|Bandung, West Java|west java|2026-03-17 01:00:00|0|0|0|0|0|0|0|0|0|0|0|0|0|0|0|0|0|0|0|||
DIGITAL BUSINESS ANALYST|PT Ifabula Digital Kreasi|Jakarta|jakarta|2026-03-05 01:00:00|0|0|0|0|0|0|0|0|0|0|0|0|0|1|0|0|0|0|0|7000000.0|8000000.0|7500000.0
Marketing Analyst|PT Dipo Star Finance|Jakarta|jakarta|2026-03-05 01:00:00|0|0|0|0|0|0|0|0|0|0|0|0|0|0|0|1|1|0|0|5800000.0|7000000.0|6400000.0
Portfolio Revenue Analyst|IHG Hotels & Resorts|Jakarta|jakarta|2026-03-15 01:00:00|0|0|0|0|0|0|0|0|0|0|0|0|0|1|0|0|0|0|0|||
DATA ANALYST|PT Asuransi Jiwa Syariah Al Amin|Jakarta|jakarta|2026-03-05 01:00:00|0|1|1|1|1|0|0|0|0|0|0|0|0|0|0|0|0|0|1|6000000.0|6500000.0|6250000.0
Marketing Data Analyst|PT Atlas Petrochem Indo|Jakarta|jakarta|2026-03-14 01:00:00|0|0|0|0|0|0|0|0|0|0|0|0|0|0|0|0|0|0|1|||
Data Analyst|PT. ALPEN FOOD INDUSTRY|North Jakarta, Jakarta|jakarta|2026-03-12 01:00:00|0|0|0|0|0|0|0|0|0|0|0|0|0|0|0|0|0|0|0|||
Procurement Analyst|PT Graha Layar Prima|South Jakarta, Jakarta|jakarta|2026-03-14 01:00:00|0|0|0|0|0|0|0|0|0|0|0|0|0|0|0|0|0|0|0|||
SAC Data Analyst|ParagonCorp|Jakarta|jakarta|2026-03-17 11:00:00|0|0|0|0|0|0|0|0|0|0|0|0|0|0|0|0|0|0|0|||
Data Analyst Logistic|PT. Transkon Jaya Tbk|Balikpapan, East Kalimantan|bali|2026-03-14 01:00:00|0|0|0|0|0|0|0|0|0|0|0|0|0|0|0|0|0|0|1|||
Business Analyst Staff|Indofood Group|South Jakarta, Jakarta|jakarta|2026-03-10 01:00:00|0|0|0|0|0|0|0|0|0|0|0|0|0|0|0|0|0|0|0|||
Data Analyst Intern|PT Pabrik Cat & Tinta Pacific (Pacific Paint)|Tangerang, Banten|banten|2026-02-22 01:00:00|0|1|0|0|1|0|0|0|0|0|0|0|0|0|0|1|1|0|0|1500000.0|2000000.0|1750000.0
Business Analyst - (Paid Intern)|PT INVESTASI HIJAU SELARAS|Kebayoran Baru, Jakarta|jakarta|2026-03-17 01:00:00|0|0|0|0|0|0|0|0|0|0|0|0|0|0|0|0|0|0|0|2000000.0|2500000.0|2250000.0
Data Analyst (Market Insight)|PT Eigerindo Multi Produk Industri|Bandung Regency, West Java|west java|2026-03-12 01:00:00|1|1|0|0|0|0|0|0|0|0|0|0|0|0|0|0|0|0|0|||
Data Analyst|PT. MAX AUTO INDONESIA|Semarang, Central Java|central java|2026-02-28 01:00:00|0|0|0|0|1|0|0|0|0|0|0|0|0|0|0|0|0|0|0|||
Admin Data Analyst|PT Fullmoon Jaya Abadi|North Jakarta, Jakarta|jakarta|2026-03-07 01:00:00|0|1|0|0|1|0|0|0|0|0|0|0|0|0|0|0|0|0|1|||
Search Engine Optimization (SEO) Analyst|CV POLAR GLOBAL|Central Java|central java|2026-03-14 01:00:00|0|0|0|0|0|0|0|0|0|0|0|0|0|1|0|0|0|0|0|4000000.0|4000000.0|4000000.0
Financial Analyst|PT Cipta Mandiri Wirasakti|Cileungsi, West Java|west java|2026-02-24 01:00:00|0|0|0|0|1|0|0|0|0|0|0|0|0|0|0|0|0|0|1|||
Business Analyst - (Full-time)|PT INVESTASI HIJAU SELARAS|Kebayoran Baru, Jakarta|jakarta|2026-03-11 01:00:00|0|0|0|0|0|0|0|0|0|0|0|0|0|0|0|0|0|0|0|6000000.0|6000000.0|6000000.0
Credit Analyst|PT. MAX AUTO INDONESIA|Makassar, South Sulawesi|south sulawesi|2026-03-17 12:00:00|0|0|0|0|1|0|0|0|0|0|0|0|0|0|0|0|0|0|0|||
External Market Analyst|PT Mandiri Tunas Finance|Central Jakarta, Jakarta|jakarta|2026-02-26 01:00:00|0|0|0|0|0|0|0|0|0|0|0|0|0|0|0|1|1|0|1|||
RC Data Analyst Trainee|PT. SASANA CIPTA MULIA|West Kalimantan|west kalimantan|2026-03-07 01:00:00|0|0|0|0|0|0|0|0|0|0|0|0|0|0|0|0|0|0|0|||
Finance Data Analyst|Private Advertiser|Balikpapan, East Kalimantan|bali|2026-02-25 01:00:00|0|0|0|0|0|0|0|0|0|0|0|0|0|0|0|0|0|0|0|||
Performance Marketing Analyst|OLX Indonesia|South Jakarta, Jakarta|jakarta|2026-03-12 01:00:00|0|0|0|0|0|0|0|0|0|0|0|0|0|1|0|1|0|1|0|||
DATA ANALYST|A&W Restaurants Indonesia|North Jakarta, Jakarta|jakarta|2026-03-05 01:00:00|1|1|0|0|1|0|0|0|0|0|0|0|0|0|0|0|0|0|0|||
Data Analyst Staff|PT Mazuta Bima Tek|Surabaya, East Java|east java|2026-03-06 01:00:00|1|1|0|0|0|0|0|0|0|0|0|0|0|0|0|0|0|0|0|||
Finance Analyst|PT Santosa Utama Lestari|South Jakarta, Jakarta|jakarta|2026-03-17 10:00:00|0|0|0|0|0|0|0|0|0|0|0|0|0|0|0|0|0|0|0|||
Food Safety Data Analyst (Group of Propan)|PT Propan Raya Industrial Coating Chemicals|Tangerang Regency, Banten|banten|2026-03-10 01:00:00|1|1|0|0|0|0|0|0|0|0|0|0|0|0|0|0|0|0|1|||
Key Account Analyst|PT SMART,Tbk|Jakarta|jakarta|2026-03-04 01:00:00|0|0|0|0|1|0|0|0|0|0|0|0|0|0|0|0|0|0|0|||
IT System Analyst|PT GLOBAL LOYALTY INDONESIA|Tangerang, Banten|banten|2026-03-12 01:00:00|0|0|0|0|0|0|0|0|0|0|0|0|0|0|0|0|0|0|0|||
IT Business Analyst/ System Analyst Project Based|Private Advertiser|Tangerang, Banten|banten|2026-03-10 01:00:00|0|0|0|0|0|0|0|0|0|0|0|0|0|0|0|0|0|0|1|7500000.0|11000000.0|9250000.0
PRODUCT DATA SPECIALIST|CV.KARYA PRATAMA PERKASA|North Denpasar, Bali|bali|2026-03-01 01:00:00|0|0|0|0|1|0|0|0|0|0|0|0|0|0|0|0|0|0|1|3500000.0|5000000.0|4250000.0
Business Analyst Manager (Core Banking)|SUNLINE TECHNOLOGY INDONESIA|South Jakarta, Jakarta|jakarta|2026-03-14 01:00:00|0|0|0|0|0|0|0|0|0|0|0|0|0|1|0|0|0|0|0|||
Coal Market Analyst Lead|AME Mineral Economics Pty Ltd|Jakarta|jakarta|2026-03-13 01:00:00|0|0|0|0|1|0|0|0|0|0|0|0|0|0|0|0|0|0|0|||
QC Analyst|PT Titian Servis Indonesia|South Jakarta, Jakarta|jakarta|2026-03-12 01:00:00|0|0|0|0|0|0|0|0|0|0|0|0|0|0|0|0|0|0|0|||
Commercial Analyst (Mandarin Speaker)|PT Daaz Bara Lestari|South Jakarta, Jakarta|jakarta|2026-03-17 01:00:00|0|0|0|0|0|0|0|0|0|0|0|0|0|0|0|0|0|0|0|||
MT Corporate Credit Analyst - Tangerang|PT. BFI FINANCE INDONESIA, Tbk|Tangerang District, Banten|banten|2026-03-17 14:00:00|0|0|0|0|0|0|0|0|0|0|0|0|0|0|0|0|0|0|1|||
Sr. Reporting Financial Analyst|BaliSuperHost|Ubud, Bali|bali|2026-03-17 01:00:00|0|0|0|0|0|0|0|0|0|0|0|0|0|0|0|1|1|1|0|||
Sales Intern – Data Mining & Support|PT. KRELOSES TEKNOLOGI INDONESIA|Yogyakarta, Yogyakarta Special Region|yogyakarta|2026-03-06 01:00:00|0|0|0|0|1|0|0|0|0|0|0|0|0|0|0|0|0|0|0|2500000.0|3000000.0|2750000.0
Analisis Data Spesialist platform Mandarin Speaker|PT. Zhisheng Pacific Trading (Mixue)|Jakarta|jakarta|2026-03-01 01:00:00|0|0|0|0|0|0|0|0|0|0|0|0|0|0|0|0|0|0|1|10000000.0|15000000.0|12500000.0
Finance Reporting Analyst|PT Amman Mineral Nusa Tenggara|West Sumbawa, West Nusa Tenggara|west nusa tenggara|2026-03-07 01:00:00|0|0|0|0|0|0|0|0|0|0|0|0|0|0|0|0|0|0|0|||
Financial Planning Analyst|Kawan Lama Group|Jakarta|jakarta|2026-03-17 01:00:00|0|0|0|0|0|0|0|0|0|0|0|0|0|0|0|1|1|0|0|||
Technical Analyst|PT Mindo Small Business Solutions|Yogyakarta Special Region|yogyakarta|2026-02-26 01:00:00|1|1|0|0|0|1|0|0|0|0|0|0|0|0|0|0|0|0|0|3500000.0|5000000.0|4250000.0
Technical Consultant Analyst|PT. Metrodata Electronics, Tbk|Jakarta|jakarta|2026-03-17 01:00:00|0|0|0|0|0|0|0|0|0|0|0|0|0|0|0|0|0|0|0|||
IT Database Administration|PT SICEPAT EKSPRES INDONESIA|South Jakarta, Jakarta|jakarta|2026-03-17 11:00:00|0|1|0|1|1|1|0|0|0|0|0|0|0|1|0|0|0|0|0|||
Cabling Data Specialist - Networking Products and Solutions|Inqui Solutions Pte. Ltd.|Batam, Riau Islands|riau|2026-02-28 01:00:00|0|0|0|0|0|0|0|0|0|0|0|0|0|0|0|0|0|0|0|||
Business System Analyst Coordinator|PT Mahadana Dasha Utama|Cilandak, Jakarta|jakarta|2026-02-25 01:00:00|0|0|0|0|0|0|0|0|0|0|0|0|0|1|0|0|0|0|0|||
Quality Assurance Analyst - Semarang|Eco Concepts Australia Pty Ltd (Eco Outdoor)|Semarang, Central Java|central java|2026-03-05 01:00:00|0|0|0|0|0|0|0|0|0|0|0|0|0|1|0|0|0|0|0|||
Project Financial Analyst - WFO - Jakarta (ID: 697480)|PT. PERSOLKELLY Recruitment Indonesia|South Jakarta, Jakarta|jakarta|2026-03-17 13:00:00|0|0|0|0|0|0|0|0|0|0|0|0|0|1|0|1|1|0|0|18000000.0|20000000.0|19000000.0
Senior Data Analyst – P2P Lending|PT Anugerah Digital Indonesia|South Jakarta, Jakarta|jakarta|2026-02-19 01:00:00|1|1|0|0|1|0|0|1|1|0|0|0|0|0|0|1|1|0|0|||
Business Analyst Executive - Temporary 3 Months|Kanmo Group|Jakarta|jakarta|2026-03-03 01:00:00|0|0|0|0|0|0|0|0|0|0|0|0|0|0|0|0|0|0|0|||
Business System Analyst|PT Eigerindo Multi Produk Industri|Bandung, West Java|west java|2026-02-24 01:00:00|0|1|0|0|1|0|0|0|0|0|0|0|0|1|0|0|0|0|0|||
Operation Analyst (Fuel)|PT Petrolindo Energi Perkasa|Jakarta|jakarta|2026-02-26 01:00:00|0|0|0|0|0|0|0|0|0|0|0|0|0|0|0|0|0|0|1|6000000.0|7000000.0|6500000.0
Finance Analyst|PT BBN Airlines Indonesia|Jakarta|jakarta|2026-03-12 01:00:00|0|0|0|0|0|0|0|0|0|0|0|0|0|0|0|0|1|0|0|||
Equity Research Analyst|TUNTUN SEKURITAS INDONESIA|North Jakarta, Jakarta|jakarta|2026-02-20 01:00:00|0|0|0|0|0|0|0|0|0|0|0|0|0|0|0|0|0|0|0|||
Fit Test Analyst - Footwear Industry|Deckers International HK Limited|Jakarta|jakarta|2026-02-25 01:00:00|0|0|0|0|1|0|0|0|0|0|0|0|0|1|0|0|0|0|0|||
Finance and Business Performance Analyst|PT Valdo Sumber Daya Mandiri|Jakarta|jakarta|2026-02-26 01:00:00|0|1|0|0|0|0|0|0|0|0|0|0|0|0|0|0|1|1|0|10000000.0|12000000.0|11000000.0
Data Architect|PT Lawencon Internasional|South Jakarta, Jakarta|jakarta|2026-03-07 01:00:00|0|0|0|0|0|0|0|0|0|0|0|0|0|0|0|0|0|0|0|||
System Analyst|Private Advertiser|South Tangerang, Banten|banten|2026-03-03 01:00:00|0|0|0|0|1|0|0|0|0|0|0|0|0|0|0|0|0|0|1|11000000.0|13000000.0|12000000.0
Data Analitics|PT Kinarya Alihdaya Mandiri|Not Available|Not Available|2026-03-05 01:00:00|1|1|0|0|1|0|0|0|1|0|0|0|0|0|0|1|1|0|1|5700000.0|7000000.0|6350000.0
Data Management Engineer|PT Advance Intelligence Indonesia|South Jakarta, Jakarta|jakarta|2026-03-14 01:00:00|1|1|0|0|1|0|0|0|0|0|0|0|0|0|0|0|0|0|0|15000000.0|20000000.0|17500000.0
Sr. Accounting Analyst|PT Upartners Sukses Bersama|Central Jakarta, Jakarta|jakarta|2026-03-04 01:00:00|0|0|0|0|0|0|0|0|0|0|0|0|0|0|0|0|0|0|0|8000000.0|12000000.0|10000000.0
IT Data Privacy & Information Security Officer|PT CIMB Niaga Auto Finance|South Tangerang, Banten|banten|2026-03-07 01:00:00|0|0|0|0|0|0|0|0|0|0|0|0|0|0|0|0|0|0|1|||
Data Management Supervisor|PT Perindustrian Bapak Djenggot (Orang Tua Group)|West Jakarta, Jakarta|jakarta|2026-03-04 01:00:00|0|0|0|0|0|0|0|0|0|0|0|0|0|0|0|0|0|0|0|||
Data Engineer|PT Rsystems Ibizcs International|Tangerang, Banten|banten|2026-03-06 01:00:00|0|0|0|0|0|1|0|0|0|0|0|0|0|0|0|0|0|0|0|7500000.0|11000000.0|9250000.0
Credit Analyst|PT Indomobil Finance Indonesia|Samarinda, East Kalimantan|east kalimantan|2026-03-05 01:00:00|0|0|0|0|0|0|0|0|0|0|0|0|0|0|0|0|0|0|1|||
IT Product Analyst (Senior Level)|PT Akulaku Silvrr Indonesia|Central Jakarta, Jakarta|jakarta|2026-03-10 01:00:00|0|1|0|0|0|0|0|0|0|0|0|0|0|1|0|1|1|0|0|||
Datawarehouse Analyst|PT Eka Mas Republik|Tangerang, Banten|banten|2026-03-10 01:00:00|0|0|0|0|0|0|0|0|0|0|0|0|0|0|0|0|0|0|0|||
System Analyst|TalentGo|Jakarta|jakarta|2026-03-06 01:00:00|1|1|1|1|0|0|0|0|0|0|0|0|0|0|0|0|0|0|1|6000000.0|8000000.0|7000000.0
Senior Data Engineer|Halodoc|South Jakarta, Jakarta|jakarta|2026-02-25 01:00:00|1|1|0|0|1|1|0|1|0|1|0|0|0|0|0|0|0|0|0|||
Corporate Social Responsibility Analyst|PT Tower Bersama Infrastructure, Tbk|Jakarta|jakarta|2026-03-17 01:00:00|0|0|0|0|0|0|0|0|0|0|0|0|0|0|0|0|0|0|0|||
Production Engineer (Master Data/Data Analyst)|SCG|Karawang, West Java|west java|2026-02-26 01:00:00|0|0|0|0|0|0|0|0|0|0|0|0|0|0|0|1|1|0|0|||
System Analyst|Passion Jewelry|South Tangerang, Banten|banten|2026-02-19 01:00:00|0|1|1|0|1|0|0|0|0|0|0|0|0|0|0|0|0|0|0|||
Market Research - Data Analyst Media Advertising OOH|Devis Jaya|Jakarta|jakarta|2026-02-26 01:00:00|0|0|0|0|0|0|0|0|0|0|0|0|0|0|0|1|1|0|1|||
IT Functional Analyst Supervisor|PT Tangkas Cipta Optimal|Kemayoran, Jakarta|jakarta|2026-02-24 01:00:00|0|0|0|0|0|0|0|0|0|0|0|0|0|0|0|0|0|0|1|||
Product Support Analyst I|CSG International Sdn. Bhd.|Jakarta|jakarta|2026-02-16 01:00:00|0|1|0|0|0|0|0|0|0|0|0|0|0|0|0|0|0|0|0|||
Data Analyst Assistant Manager|PT. Dirgaputra Ekapratama|East Jakarta, Jakarta|jakarta|2026-02-21 01:00:00|1|1|1|0|1|0|0|0|0|0|0|0|0|0|0|1|1|0|1|||
Database Administration|PT Supra Boga Lestari Tbk|Pesanggrahan, Jakarta|jakarta|2026-02-25 01:00:00|0|1|1|1|1|0|0|0|0|0|0|0|0|0|0|0|0|0|0|||
Data Support (Balikpapan)|PT Depoguna Bangunan Online|Not Available|Not Available|2026-02-22 01:00:00|0|0|0|0|0|0|0|0|0|0|0|0|0|0|0|0|0|0|0|||
Business Analyst - IT Consulting - Jakarta (B-128254)|RGF HR Agent Indonesia|South Jakarta, Jakarta|jakarta|2026-02-27 01:00:00|0|0|0|0|0|0|0|0|0|0|0|0|0|0|0|0|0|0|0|20000000.0|30000000.0|25000000.0
Senior Database Analyst|PT Bank Perekonomian Rakyat Danamas|Surabaya, East Java|east java|2026-02-25 01:00:00|0|1|1|1|1|0|0|0|0|0|0|0|0|0|0|0|1|0|0|7000000.0|9000000.0|8000000.0
Claim Analyst|PT Prudential Life Assurance|South Jakarta, Jakarta|jakarta|2026-02-27 01:00:00|0|0|0|0|0|0|0|0|0|0|0|0|0|0|0|0|0|0|0|||
Data Engineer Section Head|PT Triputra Agro Persada|South Jakarta, Jakarta|jakarta|2026-02-21 01:00:00|1|1|1|1|1|0|0|0|0|1|1|0|0|0|0|0|0|0|1|||
ACCOUNTING ANALYST|PT Astra Graphia Information Technology (AGIT)|Jakarta|jakarta|2026-02-25 01:00:00|0|0|0|0|0|0|0|0|0|0|0|0|0|0|0|0|0|0|0|||
RPA Business Analyst – UiPath|Tech Mahindra ICT Services ( Malaysia ) SDN. BHD.|Jakarta|jakarta|2026-02-24 01:00:00|0|0|0|0|0|0|0|0|0|0|0|0|0|0|0|0|0|0|0|20000000.0|30000000.0|25000000.0
Risk Analyst|PT Home Credit Indonesia|South Jakarta, Jakarta|jakarta|2026-02-20 01:00:00|0|1|0|0|0|0|0|0|0|0|0|0|0|0|0|0|0|0|0|||
IT Business Analyst|PT Neo Fusion Indonesia|South Jakarta, Jakarta|jakarta|2026-02-27 01:00:00|0|0|0|0|0|0|0|0|0|0|0|0|0|1|0|0|0|0|1|||
System Analyst (Fresh Graduate)|PT Hashmicro Solusi Indonesia|Central Jakarta, Jakarta|jakarta|2026-02-28 01:00:00|0|1|0|0|1|0|0|0|0|0|0|0|0|0|0|0|0|0|0|||
Junior AI & Data Engineer|PT Solusi Prima Packaging|South Tangerang, Banten|banten|2026-02-27 01:00:00|1|1|0|0|0|0|0|0|0|0|0|0|0|0|0|0|0|0|0|||
Laboratory Analyst|PT Qinfa Mining Industri|Kotabaru, South Kalimantan|south kalimantan|2026-03-03 01:00:00|0|0|0|0|0|0|0|0|0|0|0|0|0|0|0|0|0|0|0|||
Cost Analyst (Manufacture / EPC) (North Jakarta)|PT Adecco Personnel Indonesia|North Jakarta, Jakarta|jakarta|2026-02-20 01:00:00|0|0|0|0|0|0|0|0|0|0|0|0|0|0|0|0|0|0|0|15000000.0|20000000.0|17500000.0
Staf Administrasi Data|PT Maju Express Indonesia|Semarang, Central Java|central java|2026-02-28 01:00:00|0|0|0|0|0|0|0|0|0|0|0|0|0|0|0|0|0|0|1|3000000.0|4000000.0|3500000.0
Procurement Project Analyst|PT Hartono Plantation Indonesia|West Jakarta, Jakarta|jakarta|2026-02-28 01:00:00|0|0|0|0|0|0|0|0|0|0|0|0|0|0|0|0|0|0|1|||
Senior Financial Analyst|PT Kaia Anugerah Indonesia|Central Jakarta, Jakarta|jakarta|2026-02-20 01:00:00|0|0|0|0|0|0|0|0|0|0|0|0|0|0|0|0|0|0|0|||
Distribution Improvement Analyst Supervisor|PT Tirtakencana Tatawarna (Head Office)|Surabaya, East Java|east java|2026-03-05 01:00:00|0|0|0|0|0|0|0|0|0|0|0|0|0|1|0|0|0|0|1|||
STOCK CONTROL ANALYST|PT AKR Corporindo, Tbk|West Jakarta, Jakarta|jakarta|2026-03-03 01:00:00|0|0|0|0|0|0|0|0|0|0|0|0|0|0|0|0|0|0|0|||
Sales & Operations Planning (S&OP) Analyst|JAPFA FOOD INDONESIA|West Jakarta, Jakarta|jakarta|2026-02-21 01:00:00|1|1|0|0|0|0|0|0|0|0|0|0|0|0|0|1|1|0|1|||
QC Analyst|PT Wahana Citra Nabati|East Jakarta, Jakarta|jakarta|2026-02-16 01:00:00|0|0|0|0|0|0|0|0|0|0|0|0|0|0|0|0|0|0|0|||
Data Entry Staff|PT Seafood Inspection Laboratory|Denpasar, Bali|bali|2026-02-19 01:00:00|0|0|0|0|0|0|0|0|0|0|0|0|0|0|0|0|0|0|0|3500000.0|3700000.0|3600000.0
Sales & Marketing Data Analyst|PT Tirtakencana Tatawarna (Head Office)|Surabaya, East Java|east java|2026-02-24 01:00:00|0|1|0|0|0|0|0|0|0|0|0|0|0|0|0|0|0|0|1|||
Data Analyst|PT Bangun Konstruksi Cemerlang|Jakarta|jakarta|2026-03-17 14:00:00|0|1|0|0|0|0|0|0|0|0|0|0|0|0|0|0|0|0|0|||
Data Analyst|PT Cerdas Digital Nusantara|Tangerang District, Banten|banten|2026-03-16 01:00:00|0|1|0|0|1|0|0|0|0|0|0|0|0|0|0|1|1|0|0|||
ADMIN DATA ANALYST|PT Mitracomm Ekasarana|Central Jakarta, Jakarta|jakarta|2026-03-17 15:00:00|1|1|0|0|0|0|0|0|0|0|0|0|0|0|0|0|0|0|1|6000000.0|6200000.0|6100000.0
Data Analyst|PT Rapid Teknologi Indonesia|Jakarta|jakarta|2026-03-13 01:00:00|1|1|0|0|1|0|0|0|0|0|0|0|0|0|0|1|1|1|0|||
Mud Logger/ Directional Driller/ Data Engineer/ Pressure Engineer|PT Navita Origo Solution|Bengkalis, Riau|riau|2026-03-13 01:00:00|0|0|0|0|0|0|0|0|0|0|0|0|0|0|0|0|0|0|0|||
Data Engineer|PT Acclime Consulting Indonesia|South Jakarta, Jakarta|jakarta|2026-03-12 01:00:00|1|1|0|0|0|0|1|0|0|0|1|1|0|0|0|1|1|0|0|10000000.0|15000000.0|12500000.0
Data Engineer|PT Sharing Vision Indonesia|Jakarta|jakarta|2026-03-14 01:00:00|1|1|1|0|1|0|0|1|0|1|0|0|0|0|0|1|0|0|1|||
Medior/Senior Data Engineer (Web Scrapping)|NucleusX B.V|South Denpasar, Bali|bali|2026-03-06 01:00:00|1|1|0|0|1|1|1|0|0|0|0|0|0|1|0|0|0|0|0|12000000.0|18000000.0|15000000.0
Alibaba Data Center Facility Engineer|TITANICOM TECH LIMITED|Jakarta|jakarta|2026-03-14 01:00:00|0|0|0|0|0|0|0|0|0|0|0|0|0|0|0|0|0|0|0|||
Mechanical Engineer Data center - MEP DATA Center|PT YPTT Solutions Indonesia|Tangerang, Banten|banten|2026-03-17 01:00:00|0|0|0|0|0|0|0|0|0|0|0|0|0|0|0|0|0|0|0|||
Data Engineer (ETL)|PT Lawencon Internasional|South Jakarta, Jakarta|jakarta|2026-02-19 01:00:00|0|1|0|1|1|0|0|0|0|0|0|0|0|0|0|0|0|0|0|||
Data Engineer|PT Japfa Comfeed Indonesia, Tbk|Surabaya, East Java|east java|2026-03-05 01:00:00|1|1|0|0|0|1|1|0|0|0|1|1|1|1|0|1|1|0|0|||
Data Engineer (Project Based)|PT GITS Indonesia|South Tangerang, Banten|banten|2026-03-17 01:00:00|1|1|1|1|1|1|1|1|1|1|0|0|1|0|0|0|0|0|0|||
Data Engineer|PT Graha Karya Informasi|Jakarta|jakarta|2026-03-03 01:00:00|1|1|0|0|1|1|1|1|1|1|0|0|1|0|0|0|1|0|0|10000000.0|13000000.0|11500000.0
Data Center Operation Engineer|PT Datacomm Diangraha|North Cikarang, West Java|west java|2026-03-03 01:00:00|0|0|0|0|0|0|0|0|0|0|0|0|0|0|0|0|0|0|0|5950000.0|7500000.0|6725000.0
DATA Security Engineer (Operation)|PT Metrocom Global Solusi|South Jakarta, Jakarta|jakarta|2026-03-12 01:00:00|0|1|0|0|1|0|0|0|0|0|0|0|0|0|0|0|0|0|1|||
Electrical Engineer - Data Center Operations|Private Advertiser|Jakarta|jakarta|2026-03-17 11:00:00|0|0|0|0|0|0|0|0|0|0|0|0|0|0|0|0|0|0|0|||
Senior Data Center Mechanical Engineer|SM+|Jakarta|jakarta|2026-03-06 01:00:00|0|0|0|0|0|0|0|0|0|0|0|0|0|0|0|0|0|0|0|||
Senior Data Engineer|PT DAPUR SEHAT INDONESIA|South Tangerang, Banten|banten|2026-03-11 01:00:00|1|1|0|0|1|1|0|0|0|0|0|0|1|0|0|0|0|0|1|||
Test & Commissioning Engineer – Chiller (Data Center Project)|PT Berca Carrier Indonesia|Kemayoran, Jakarta|jakarta|2026-03-13 01:00:00|0|0|0|0|0|0|0|0|0|0|0|0|0|0|0|0|0|0|0|||
Data Center Facility Engineer|FARBEN INFORMATION (SINGAPORE) PTE. LTD.|Jakarta|jakarta|2026-03-17 01:00:00|0|0|0|0|0|0|0|0|0|0|0|0|0|0|0|0|0|0|0|||
IT Management Information System - Data Warehouse Engineer|OTO Group|South Jakarta, Jakarta|jakarta|2026-02-20 01:00:00|1|1|0|0|1|0|1|0|1|0|0|0|0|0|0|1|1|0|1|||
Civil Engineer Data Centre Projects (Coordinator)|PT Trimitra Putra Mandiri|South Jakarta, Jakarta|jakarta|2026-03-12 01:00:00|0|0|0|0|0|0|0|0|0|0|0|0|0|0|0|0|0|0|0|||
Field Service Engineer (Data Center - Power, UPS)|Vertiv|South Jakarta, Jakarta|jakarta|2026-03-13 01:00:00|0|0|0|0|0|0|0|0|0|0|0|0|0|0|0|0|0|0|0|||
Mechanical Engineer - Data Center Operations|Private Advertiser|Jakarta|jakarta|2026-03-17 11:00:00|0|0|0|0|0|0|0|0|0|0|0|0|0|0|0|0|0|0|0|||
Middle Data Engineer (Tech Vacancy) | Banking Industry | Jakarta | WFO|PT MSBU Konsultan Indonesia|Kebayoran Lama, Jakarta|jakarta|2026-03-13 01:00:00|0|0|0|0|0|0|0|0|0|0|0|0|0|0|0|0|0|0|1|||
Design Interior / Decoration Engineer (Data Center Building Project)|PT China Construction Yangtze River Indonesia|Cikarang Pusat, West Java|west java|2026-03-12 01:00:00|0|0|0|0|0|0|0|0|0|0|0|0|0|0|0|0|0|0|0|6000000.0|9000000.0|7500000.0
Principal Engineer | Enterprise Data Platform|Macquarie Group|Indonesia|Not Available|2026-03-17 19:00:00|0|0|0|0|0|0|0|0|0|0|0|0|0|0|0|0|0|0|0|||
Lowongan Kerja Data Engineer Mandarin Spekaer|Sinar Mas Group|Jakarta|jakarta|2026-02-24 01:00:00|1|1|0|0|1|1|1|1|1|1|0|0|1|0|0|0|0|0|1|||
Middle Oracle Database Engineer|PT Sisindokom Lintasbuana|Central Jakarta, Jakarta|jakarta|2026-02-25 01:00:00|0|0|0|0|1|0|0|0|0|0|0|0|0|0|0|0|0|0|1|||
Credit Risk Strategy & Optimization Analyst|PT UangMe Fintek Indonesia|South Jakarta, Jakarta|jakarta|2026-03-12 01:00:00|0|1|0|0|0|0|0|0|0|0|0|0|0|0|0|0|0|0|0|||
Database Management|Kop. Nusantara|Not Available|Not Available|2026-03-11 01:00:00|1|1|1|1|1|1|0|0|0|1|0|0|0|0|0|0|0|0|0|||
Data Centre Specialist (Cikarang, Indonesia)|Kuok Group Singapore|Jakarta|jakarta|2026-03-17 16:00:00|0|0|0|0|0|0|0|0|0|0|0|0|0|1|0|0|0|0|0|||
Analyst Procurement Staff|PT Bukaka Teknik Utama, Tbk|Cileungsi, West Java|west java|2026-03-10 01:00:00|0|0|0|0|0|0|0|0|0|0|0|0|0|0|0|0|0|0|1|||
ENDP _IT Data System Engineer Of HSE Mining (Location: Kalsel)|Private Advertiser|South Kalimantan|south kalimantan|2026-02-25 01:00:00|0|0|0|0|1|0|0|0|0|0|0|0|0|1|0|0|0|0|0|||
Data Center Construction Manager_ Jakarta|PT CBRE Consultancy Services|Jakarta|jakarta|2026-02-26 01:00:00|0|0|0|0|0|0|0|0|0|0|0|0|0|0|0|0|0|0|0|||
MEP Manager (Data Center)|PT Bureau Veritas Indonesia|Jakarta|jakarta|2026-03-14 01:00:00|0|0|0|0|0|0|0|0|0|0|0|0|0|0|0|0|0|0|0|||
Facility Data Center Job ID: 20251120TAC|PT Supra Primatama Nusantara(Biznet)|Not Available|Not Available|2026-03-12 01:00:00|0|0|0|0|0|0|0|0|0|0|0|0|0|0|0|0|0|0|1|||
Senior Oracle Database|PT Sisindokom Lintasbuana|Not Available|Not Available|2026-03-03 01:00:00|0|0|0|0|1|0|0|0|0|0|0|0|0|0|0|0|0|0|0|||
Data Centre Day Technician/ Data Center Day Teknisi (Cikarang)|PT CBRE Consultancy Services|North Cikarang, West Java|west java|2026-02-16 01:00:00|0|0|0|0|0|1|0|0|0|0|0|0|0|0|0|0|0|0|1|||
Product Analyst (Product and Process Engineering)|PT. Bumimulia Indah Lestari|North Cikarang, West Java|west java|2026-02-26 01:00:00|0|0|0|0|0|0|0|0|0|0|0|0|0|0|0|0|0|0|1|||
Inspector Fire (Data Center)|PT Bureau Veritas Indonesia|Jakarta|jakarta|2026-02-19 01:00:00|0|0|0|0|0|0|0|0|0|0|0|0|0|0|0|0|0|0|0|||
Project Manager (Data Center)|PT Bureau Veritas Indonesia|Jakarta|jakarta|2026-03-14 01:00:00|0|0|0|0|0|0|0|0|0|0|0|0|0|0|0|0|0|0|0|||
